Data;0-1H;1-2H;2-3H;3-4H;4-5H;5-6H;6-7H;7-8H;8-9H;9-10H;10-11H;11-12H;12-13H;13-14H;14-15H;15-16H;16-17H;17-18H;18-19H;19-20H;20-21H;21-22H;22-23H;23-24H;TOTAL;MÉDIA
01/01/2019;0;0;0;0;0;0;0;0;13;1;0;1;0;0;2;0;0;0;0;0;0;0;0;0;17;1
02/01/2019;0;0;0;0;0;0;28;41;246;582;851;1019;1062;1167;1045;1168;1276;1302;1366;1232;813;493;215;16;13922;580
03/01/2019;0;0;0;0;0;0;44;78;313;699;887;1041;1247;1388;1067;1081;1235;1186;1472;1182;830;486;216;19;14471;603
04/01/2019;87;0;0;0;14;0;17;49;338;701;861;949;1144;1375;1054;1118;1330;1347;1455;1264;919;598;329;91;15040;627
05/01/2019;173;0;0;0;0;0;60;13;463;616;971;1307;1144;1066;1123;1345;1330;1359;1217;1122;805;561;294;104;15073;628
06/01/2019;392;0;0;0;0;0;27;16;183;427;856;1050;1026;921;1106;1218;1466;1264;1036;978;731;520;175;10;13402;558
07/01/2019;0;0;0;0;0;52;15;51;311;678;863;1013;1151;1431;1098;1158;1247;1449;1596;1265;832;580;264;20;15074;628
08/01/2019;0;0;0;0;0;0;21;30;349;650;891;1022;1104;1243;999;1053;1084;1440;1380;1287;843;541;238;15;14190;591
09/01/2019;3;0;0;0;0;0;34;38;342;649;856;910;1129;1191;1057;1089;1225;1280;1364;1269;874;565;230;19;14124;589
10/01/2019;0;0;0;0;0;0;36;56;330;621;832;897;1197;1262;960;994;1121;1214;1331;1159;866;537;235;21;13669;570
11/01/2019;24;0;0;0;1;1;14;37;417;664;981;1082;1260;1376;1164;1285;1224;1378;1327;1153;852;610;290;102;15242;635
12/01/2019;58;0;0;0;0;0;192;6;348;691;1039;1320;1170;1086;1136;1234;1245;1200;1192;1075;749;549;275;77;14642;610
13/01/2019;43;0;0;0;0;0;21;15;229;503;958;1171;1118;913;1160;1468;1378;1407;1146;1017;796;431;202;12;13988;583
14/01/2019;0;0;0;0;0;2;28;33;325;625;857;903;1031;1282;968;1073;1067;1345;1381;1113;821;467;209;11;13541;564
15/01/2019;0;0;0;0;0;0;58;59;339;655;762;916;1086;1120;955;959;1079;1193;1262;1106;798;462;186;11;13006;542
16/01/2019;0;0;0;0;0;1;25;25;2061;1075;815;846;936;1191;1068;1020;1218;1150;1209;1046;751;462;216;120;15235;635
17/01/2019;61;0;0;0;0;0;47;66;446;769;880;995;1093;1318;995;1106;1118;1249;1375;1156;912;500;246;30;14362;598
18/01/2019;0;0;0;0;0;0;28;40;424;772;939;1053;1088;1247;1062;1161;1291;1315;1289;1092;962;588;268;117;14736;614
19/01/2019;31;1;0;0;52;0;19;9;300;618;1145;1283;1152;927;1082;1289;1325;1288;1101;942;709;552;239;73;14137;589
20/01/2019;81;2;1;0;0;0;24;9;206;558;972;1118;1161;953;1120;1517;1490;1348;1262;965;754;431;213;14;14199;592
21/01/2019;0;0;0;0;0;0;40;52;444;687;811;980;1097;1258;935;1039;1116;1227;1382;1149;769;469;212;22;13689;570
22/01/2019;1;0;0;0;0;10;21;48;788;627;803;873;1023;1178;927;927;1011;1181;1237;1012;679;458;202;51;13057;544
23/01/2019;1;0;0;0;0;0;10;39;341;705;799;862;926;1163;960;926;1006;1016;1049;970;677;433;220;11;12114;505
24/01/2019;0;0;0;0;0;0;28;50;379;646;787;964;1148;1226;939;974;1101;1183;1253;1129;773;596;225;10;13411;559
25/01/2019;1;0;0;0;0;0;20;38;352;669;869;998;1028;1319;1038;1060;1149;1316;1322;1130;910;671;391;104;14385;599
26/01/2019;96;0;0;0;0;0;12;7;270;677;1023;1185;1079;1051;972;1058;1091;1287;1283;934;692;437;313;107;13574;566
27/01/2019;117;0;0;0;0;0;11;7;249;492;873;1107;947;845;904;1318;1322;1159;1043;874;619;424;155;17;12483;520
28/01/2019;1;0;0;0;0;61;13;34;309;569;753;847;1010;1115;888;943;1031;1063;1188;1024;691;498;179;38;12255;511
29/01/2019;0;0;0;0;0;0;29;43;304;635;868;847;1063;1085;919;888;946;1089;1191;948;712;455;178;10;12210;509
30/01/2019;0;0;0;0;0;0;32;44;345;662;789;890;889;1060;972;905;1031;1079;1082;939;660;445;210;18;12052;502
31/01/2019;2;0;0;0;0;0;32;60;282;575;826;825;973;1222;934;975;1022;1130;1093;980;806;552;190;13;12492;521
01/02/2019;2;0;0;0;0;6;20;39;395;699;960;1002;1061;1263;1051;1060;1155;1230;1349;1125;861;605;264;88;14235;593
02/02/2019;1067;2;0;0;0;0;52;14;272;658;1189;1317;1232;1065;1195;1378;1444;1366;1282;1077;818;520;296;94;16338;681
03/02/2019;69;0;0;0;0;0;20;15;202;509;924;1098;1127;1006;1063;1423;1465;1282;1066;1005;834;512;208;17;13845;577
04/02/2019;0;0;0;0;0;0;23;40;288;676;834;927;1050;1242;969;1149;1128;1358;1503;1240;822;543;198;10;14000;583
05/02/2019;0;0;0;0;0;0;16;46;329;770;945;922;1038;1201;1018;1080;1012;1317;1353;1281;825;513;255;17;13938;581
06/02/2019;0;0;0;2;0;0;43;44;321;667;843;898;949;1161;982;978;1135;1266;1326;1077;719;455;210;25;13101;546
07/02/2019;9;0;0;0;0;0;11;37;312;663;780;856;1077;1264;940;881;1103;1181;1306;1200;964;558;217;18;13377;557
08/02/2019;43;1;0;1;0;0;11;32;390;740;966;1031;1111;1299;1123;1234;1280;1240;1473;1195;927;624;354;109;15184;633
09/02/2019;26;0;0;0;0;1;15;8;272;700;1184;1321;1124;1108;1214;1266;1256;1127;1125;956;759;547;339;100;14448;602
10/02/2019;109;0;0;0;0;0;39;8;457;499;908;1032;965;784;1011;1214;1251;1165;1109;947;684;471;221;15;12889;537
11/02/2019;1;0;53;37;0;2;20;51;413;669;939;1022;1161;1363;1017;1023;1234;1242;1524;1282;886;595;238;24;14796;617
12/02/2019;5;0;0;0;0;6;16;57;403;677;889;964;1105;1368;894;1006;1138;1225;1407;1148;809;520;237;27;13901;579
13/02/2019;2;0;0;0;0;5;24;56;328;641;857;849;1098;1231;1033;998;1092;1214;1320;1278;870;546;273;16;13731;572
14/02/2019;0;0;0;0;0;6;28;70;320;723;864;1073;1239;1364;1040;1135;1345;1382;1446;1288;1083;633;304;24;15367;640
15/02/2019;0;0;0;0;1;3;29;38;424;761;914;986;1159;1346;1049;1091;1187;1161;1279;1194;836;626;313;98;14495;604
16/02/2019;359;0;0;2;0;7;52;20;299;773;1075;1337;1047;915;968;1108;1134;1204;1242;1051;843;563;312;99;14410;600
17/02/2019;48;0;0;0;0;1;27;19;231;533;997;1163;1036;853;1008;1257;1310;1345;1180;1026;732;513;256;25;13560;565
18/02/2019;0;0;0;0;0;5;28;51;712;663;858;854;958;1274;889;984;1168;1220;1446;1246;756;521;281;25;13939;581
19/02/2019;7;1;0;0;0;4;18;52;388;668;849;981;1086;1301;894;981;1103;1301;1347;1144;852;563;310;18;13868;578
20/02/2019;0;15;0;0;3;1;15;62;331;664;787;861;976;1359;944;963;1058;1157;1316;1155;864;576;232;54;13393;558
21/02/2019;94;0;0;0;0;4;29;87;345;665;785;915;1186;1374;964;914;1061;1205;1283;1100;890;493;271;12;13677;570
22/02/2019;0;0;0;0;0;4;24;52;335;745;888;826;1042;1257;1046;1045;1130;1109;1328;1194;932;669;320;95;14041;585
23/02/2019;162;11;3;3;9;0;4;11;269;775;1085;1188;1091;994;971;1135;1038;1092;1289;1055;836;532;327;100;13980;583
24/02/2019;37;0;0;0;0;9;7;14;208;546;869;1144;943;804;885;1057;1049;1061;1096;1086;792;604;213;13;12437;518
25/02/2019;6;0;0;0;0;13;35;51;383;699;853;882;1064;1323;903;911;1216;1257;1468;1308;789;527;262;97;14047;585
26/02/2019;76;0;0;0;0;44;28;56;328;732;840;925;1101;1328;926;939;1108;1252;1461;1213;926;533;287;15;14118;588
27/02/2019;0;0;0;0;0;7;19;49;311;659;871;865;1009;1368;925;945;1087;1166;1356;1182;1033;642;260;19;13773;574
28/02/2019;4;0;0;0;0;0;34;54;312;668;806;953;1215;1399;950;1037;1140;1331;1392;1290;1075;714;331;24;14729;614
01/03/2019;1;0;0;0;0;0;27;41;436;791;958;1094;1220;1345;1104;1208;1233;1264;1336;1204;1074;724;333;88;15481;645
02/03/2019;71;0;0;0;0;0;19;15;303;729;1097;1297;1061;1013;1045;1284;1217;1216;1211;1063;690;463;279;138;14211;592
03/03/2019;182;0;0;0;0;0;24;9;244;536;938;1134;1051;830;942;1200;1192;1193;1117;1044;716;488;237;25;13102;546
04/03/2019;0;0;0;0;0;0;87;61;251;633;909;979;1059;1233;1054;1219;1238;1358;1418;1232;963;637;327;33;14691;612
05/03/2019;1;0;0;0;0;0;35;17;227;589;988;1170;998;945;1000;1251;1179;1082;995;902;673;416;181;16;12665;528
06/03/2019;3;0;0;0;0;0;27;49;248;529;771;927;984;1169;902;918;1094;1078;1298;1161;741;411;215;22;12547;523
07/03/2019;0;0;4;3;0;2;27;70;353;671;877;933;1123;1367;843;946;1195;1207;1163;1123;943;612;229;26;13717;572
08/03/2019;0;0;0;0;0;0;24;61;371;878;1037;1134;1179;1421;1120;1199;1228;1408;1403;1289;1114;733;408;108;16115;671
09/03/2019;228;0;0;0;0;0;27;7;306;790;1093;1267;1129;928;1020;1140;1156;1235;1201;1055;794;553;323;108;14360;598
10/03/2019;133;0;0;0;0;0;29;25;242;553;993;1142;1050;818;923;1256;1355;1183;1153;1049;859;550;226;14;13553;565
11/03/2019;387;0;0;0;0;0;178;53;296;825;886;901;1029;1329;859;982;1149;1226;1526;1266;909;606;282;22;14711;613
12/03/2019;16;0;0;0;0;0;32;71;351;704;1015;962;1107;1293;933;1086;1179;1333;1280;1237;901;501;225;21;14247;594
13/03/2019;0;0;0;0;0;2;53;95;323;694;912;960;987;1378;925;1017;1128;1254;1289;1241;879;525;266;17;13945;581
14/03/2019;8;0;0;0;0;0;108;48;394;660;913;898;1182;1367;957;980;1173;1302;1329;1318;1114;560;237;50;14598;608
15/03/2019;90;1;0;0;0;0;38;64;398;766;885;972;1157;1399;1133;1144;1214;1261;1515;1283;1089;689;374;122;15594;650
16/03/2019;58;0;0;0;0;0;16;4;314;845;1153;1127;1103;977;980;1121;1101;1240;1146;1150;887;590;311;112;14235;593
17/03/2019;175;0;0;0;0;0;19;11;221;608;1069;1194;1197;857;997;1193;1311;1098;1120;977;850;556;182;7;13642;568
18/03/2019;0;0;0;0;0;16;19;46;355;714;819;952;1028;1355;925;928;1177;1282;1297;1342;943;559;248;10;14015;584
19/03/2019;1;0;0;58;2;0;17;50;338;784;911;962;1078;1339;964;973;1135;1367;1433;1423;1018;594;274;11;14732;614
20/03/2019;0;0;0;0;0;0;14;68;396;749;893;828;934;1231;956;942;1107;1116;1367;1160;996;582;232;12;13583;566
21/03/2019;0;0;0;0;0;0;20;67;358;708;866;854;1027;1320;973;923;1171;1176;1267;1258;1098;609;256;33;13984;583
22/03/2019;0;0;0;0;0;0;17;51;457;817;1008;1005;1190;1280;996;1067;1144;1314;1412;1315;906;688;330;138;15135;631
23/03/2019;7;1;0;0;0;0;12;4;357;847;1222;1247;1158;935;1045;1078;1195;1136;1190;1107;921;638;314;98;14512;605
24/03/2019;5;0;0;0;0;0;7;21;343;677;1145;1171;981;775;921;1237;1320;1205;1335;1144;876;615;233;18;14029;585
25/03/2019;0;0;0;0;0;0;19;57;357;737;899;904;1145;1339;900;864;1182;1280;1429;1266;848;567;260;14;14067;586
26/03/2019;0;0;0;0;0;0;17;66;344;679;905;892;1182;1245;897;932;985;1220;1410;1315;901;621;233;16;13860;578
27/03/2019;0;0;0;0;0;0;17;75;384;687;907;869;1071;1251;871;910;1132;1199;1294;1290;968;606;250;20;13801;575
28/03/2019;0;0;0;0;0;0;24;87;353;746;891;824;1148;1393;934;954;1099;1224;1466;1336;1160;740;360;17;14756;615
29/03/2019;0;0;0;0;0;0;9;49;443;781;999;973;1162;1377;1132;1141;1161;1370;1447;1283;1106;751;382;111;15677;653
30/03/2019;9;0;0;0;0;0;11;12;377;867;1224;1244;1173;907;982;1087;1171;1171;1136;998;848;620;351;114;14302;596
31/03/2019;5;0;0;0;0;5;11;185;425;882;1074;973;841;995;1267;1302;1211;1141;1030;1107;729;294;19;1;13497;562
01/04/2019;1;0;0;0;0;1;10;84;265;608;748;806;1013;1101;876;928;1127;1132;1399;1212;953;716;320;30;13330;555
02/04/2019;3;0;0;0;0;0;7;74;329;658;784;887;1152;1300;907;950;1070;1289;1486;1234;1124;703;315;13;14285;595
03/04/2019;0;0;0;1;0;0;18;77;345;674;815;907;1035;1279;1019;972;1075;1196;1332;1272;1053;536;290;33;13929;580
04/04/2019;1;0;0;0;0;2;19;82;309;646;796;875;1159;1239;922;939;1159;1262;1167;1186;1036;683;258;18;13758;573
05/04/2019;0;0;0;0;0;0;20;58;353;685;889;959;1122;1214;1046;1054;1107;1185;1266;1119;1004;608;372;101;14162;590
06/04/2019;14;0;0;0;1;0;11;13;228;687;980;1084;1055;1028;979;1246;1159;1081;1113;955;851;566;323;126;13500;563
07/04/2019;10;0;0;0;0;0;3;18;197;508;815;1126;1074;910;1012;1251;1200;1020;932;881;818;553;293;16;12637;527
08/04/2019;0;0;0;0;0;0;14;67;254;655;920;919;1045;1183;1009;1095;1340;1340;1507;1280;1020;652;328;19;14647;610
09/04/2019;2;0;0;0;0;0;14;72;260;615;909;963;968;1194;947;1091;1241;1232;1364;1220;805;524;267;25;13713;571
10/04/2019;1;0;0;0;0;0;15;68;270;674;868;939;1023;1269;1004;1085;1151;1255;1347;1259;991;664;304;32;14219;592
11/04/2019;1;0;0;0;0;0;24;93;274;641;867;963;1083;1247;920;1069;1170;1257;1315;1186;1013;744;395;71;14333;597
12/04/2019;0;0;0;0;0;0;8;54;309;753;999;1000;1151;1198;1104;1100;1228;1265;1361;1239;1152;876;546;164;15507;646
13/04/2019;27;0;0;0;0;0;11;2;291;802;1105;1215;1233;1014;1126;1339;1224;1229;1025;1028;861;629;372;133;14666;611
14/04/2019;16;0;0;0;0;0;9;1;216;559;986;1103;1070;917;1019;1206;1259;1239;1157;946;897;629;335;28;13592;566
15/04/2019;3;0;0;1;0;0;10;57;247;591;813;918;992;1060;908;1082;1196;1159;1343;1153;845;610;308;32;13328;555
16/04/2019;0;0;0;0;0;0;11;64;278;708;870;889;967;1121;895;1046;948;1110;1165;1094;842;634;329;45;13016;542
17/04/2019;0;0;0;0;0;0;23;59;263;639;864;814;967;1051;865;1045;1114;1099;1208;1092;777;571;266;26;12743;531
18/04/2019;1;0;0;0;0;0;15;64;353;769;1041;1098;1160;1256;1132;1297;1364;1325;1419;1198;996;754;456;90;15788;658
19/04/2019;11;1;0;0;0;0;3;30;308;782;1193;1373;1100;930;1162;1379;1336;1245;1082;981;735;606;338;118;14713;613
20/04/2019;3;0;0;0;0;0;11;7;365;784;1145;1299;1050;812;908;1160;1209;1161;1055;1031;927;752;465;178;14322;597
21/04/2019;7;0;0;0;0;0;14;14;219;482;810;951;798;338;183;31;1;0;0;0;0;0;0;0;3848;160
22/04/2019;0;0;0;0;0;0;19;50;182;560;849;887;1019;964;908;946;1116;1186;1240;1079;751;433;208;34;12431;518
23/04/2019;1;0;0;0;0;0;19;56;283;650;812;910;1028;1183;833;894;1040;1163;1286;1217;910;591;318;21;13215;551
24/04/2019;1;0;0;0;0;0;16;55;318;679;776;771;1033;1152;904;973;1030;1140;1244;1167;928;714;388;72;13361;557
25/04/2019;7;0;0;0;0;0;16;6;272;690;1082;1240;1119;944;1230;1413;1430;1314;1160;939;730;505;194;26;14317;597
26/04/2019;2;0;0;0;0;0;17;89;403;792;971;980;1102;1238;1187;1199;1111;1279;1397;1110;896;715;362;101;14951;623
27/04/2019;3;0;0;0;0;0;14;25;259;729;1026;1101;1021;876;879;1038;1067;1013;1050;917;910;712;392;117;13149;548
28/04/2019;10;0;0;0;0;0;8;5;244;481;803;952;912;777;812;927;877;901;919;862;850;696;323;43;11402;475
29/04/2019;0;0;0;0;0;0;18;37;305;652;836;881;1049;1215;870;959;1126;1189;1351;1235;1048;668;315;51;13805;575
30/04/2019;1;0;0;0;0;0;16;57;319;731;933;935;1181;1177;889;990;1158;1354;1432;1237;1095;793;381;81;14760;615
01/05/2019;6;0;0;0;1;0;12;11;285;701;1111;1221;1195;989;1060;1245;1348;1295;1257;1124;911;674;359;36;14841;618
02/05/2019;2;0;0;1;0;1;21;51;386;684;859;982;1096;1274;899;1083;1130;1275;1360;1218;1070;724;306;23;14445;602
03/05/2019;1;0;1;0;0;1;14;77;378;691;925;948;1194;1267;1004;1049;1259;1297;1487;1472;1473;1257;677;170;16642;693
04/05/2019;4;0;1;0;0;0;15;12;341;789;1121;1306;1190;1017;1123;1250;1346;1410;1263;1457;1441;1189;677;245;17197;717
05/05/2019;7;0;0;0;0;0;6;21;288;641;1158;1367;1485;1345;972;972;844;953;1054;1077;1005;979;797;103;15074;628
06/05/2019;0;0;0;0;0;0;14;44;308;641;804;747;986;1247;938;942;1131;1226;1472;1232;1085;874;407;16;14114;588
07/05/2019;0;0;0;0;0;0;15;46;311;634;835;896;1045;1185;813;910;990;1202;1375;1263;938;777;404;21;13660;569
08/05/2019;0;0;0;1;0;0;17;47;344;689;766;800;866;1127;945;1021;1202;1251;1382;1254;1083;851;445;36;14127;589
09/05/2019;0;0;0;0;0;0;21;46;362;654;881;809;942;1045;800;920;1044;1184;1190;1085;913;736;364;28;13024;543
10/05/2019;13;0;0;0;0;0;21;54;363;767;1031;1053;1137;1266;1038;1064;1250;1339;1435;1334;1183;1033;617;167;16165;674
11/05/2019;10;0;0;0;0;0;4;17;312;844;1128;1201;1138;912;971;1089;1073;1088;1073;1045;985;730;407;131;14158;590
12/05/2019;15;0;0;0;0;0;25;30;325;646;1013;1009;1012;762;796;1024;993;1049;1064;1008;836;630;442;45;12724;530
13/05/2019;0;0;0;0;0;0;14;68;347;711;849;908;1045;1220;865;854;1059;1199;1395;1288;1091;727;390;48;14078;587
14/05/2019;0;0;0;0;0;0;12;50;301;768;871;825;1081;1375;836;906;1031;1258;1304;1210;1031;766;329;30;13984;583
15/05/2019;2;0;0;1;0;0;14;78;414;723;871;860;1066;1182;861;857;921;1151;1293;1228;952;761;290;28;13553;565
16/05/2019;0;0;0;0;0;0;13;77;324;769;828;860;1139;1318;883;1010;1056;1245;1281;1216;1057;751;294;25;14146;589
17/05/2019;0;0;0;0;0;0;15;83;393;782;967;1006;1227;1287;1096;1169;1246;1374;1230;1318;1092;904;506;138;15833;660
18/05/2019;8;0;0;0;0;0;5;10;336;791;1213;1254;1105;981;955;1142;1100;1108;1039;846;724;694;346;126;13783;574
19/05/2019;14;0;0;0;0;0;16;1;281;715;971;1101;1042;909;922;1072;1162;1201;1115;1012;1014;801;362;31;13742;573
20/05/2019;2;0;0;0;0;0;13;65;319;687;823;898;1044;1229;787;938;1139;1203;1406;1214;1017;673;310;24;13791;575
21/05/2019;0;0;0;0;0;0;14;68;353;663;833;856;1034;1256;839;923;1010;1258;1311;1313;943;688;334;57;13753;573
22/05/2019;4;0;0;0;0;0;23;69;366;699;847;818;918;1317;923;928;1031;1007;1272;1186;945;731;320;45;13449;560
23/05/2019;0;0;0;0;0;0;24;79;373;666;824;1032;1207;1366;968;943;1111;1327;1301;1294;1134;831;362;27;14869;620
24/05/2019;0;0;0;0;0;0;20;59;400;804;1002;988;1100;1274;932;1083;1127;1142;1382;1269;1024;832;516;119;15073;628
25/05/2019;15;0;0;0;0;0;15;17;309;883;1111;1173;1075;969;955;962;987;846;879;815;830;779;495;156;13271;553
26/05/2019;7;0;0;0;0;0;5;12;316;587;982;1119;942;773;848;955;997;954;1108;1116;887;724;323;23;12678;528
27/05/2019;1;0;0;0;0;0;18;59;356;669;800;905;1098;1311;924;925;1126;1225;1344;1322;1033;754;311;27;14208;592
28/05/2019;3;0;0;0;0;0;16;87;356;684;902;923;1124;1124;828;907;1099;1140;1304;1270;977;715;370;33;13862;578
29/05/2019;6;0;0;0;0;0;18;84;390;706;849;866;1009;1263;927;858;1068;1164;1197;1179;1019;771;346;38;13758;573
30/05/2019;1;0;0;0;0;0;16;67;428;709;919;1001;1253;1358;864;939;1129;1250;1267;1272;1174;1039;462;41;15189;633
31/05/2019;2;0;0;0;0;0;13;29;399;822;949;999;1083;1116;906;976;1038;1168;1288;1187;1081;959;561;165;14741;614
01/06/2019;5;0;0;0;0;0;9;7;421;928;1217;1225;1036;1033;953;850;821;940;988;990;900;799;540;191;13853;577
02/06/2019;34;0;0;0;0;0;14;7;349;700;1103;1109;1002;838;814;892;928;971;1076;1107;954;845;348;34;13125;547
03/06/2019;0;0;0;0;0;1;27;63;314;727;948;879;1106;1193;967;966;1060;1301;1412;1253;1045;828;351;42;14483;603
04/06/2019;58;19;25;9;0;0;26;77;379;744;940;974;1102;1185;887;995;1058;1256;1327;1238;1041;728;352;26;14446;602
05/06/2019;3;0;0;0;0;1;19;68;407;735;874;820;1034;1291;978;982;1084;1196;1296;1171;879;590;330;21;13779;574
06/06/2019;0;0;0;0;0;0;10;70;370;705;870;920;1016;1114;915;939;936;1017;1146;1156;1002;632;317;29;13164;549
07/06/2019;3;0;0;0;0;0;16;73;408;800;1008;1012;1182;1336;1026;1149;1229;1317;1494;1275;1043;894;499;175;15939;664
08/06/2019;12;0;0;0;1;0;16;11;364;873;1179;1336;1193;984;979;1074;1159;1138;1120;1025;947;754;404;178;14747;614
09/06/2019;18;0;0;0;0;0;9;13;303;617;1009;1044;1038;754;885;967;1065;1129;1076;887;570;561;415;79;12439;518
10/06/2019;10;0;0;0;0;0;14;5;231;683;990;1110;1075;823;933;1110;1080;1160;1128;980;1003;701;321;15;13372;557
11/06/2019;0;0;0;0;0;0;14;40;355;693;946;982;1142;1296;847;926;1131;1227;1408;1159;1014;660;306;25;14171;590
12/06/2019;0;0;0;0;0;0;18;62;366;766;886;976;1065;1165;905;932;1043;1142;1206;1276;961;712;305;54;13840;577
13/06/2019;0;0;0;0;0;0;10;69;339;704;905;920;1118;1229;942;1065;1106;1220;1313;1164;1087;744;364;17;14316;597
14/06/2019;0;0;0;0;0;0;21;61;401;811;973;1002;1184;1261;1051;1080;1064;1300;1289;1081;985;780;456;144;14944;623
15/06/2019;6;0;0;0;0;0;15;8;334;842;1164;1217;1073;991;829;1073;1079;1058;1102;1021;948;749;435;136;14080;587
16/06/2019;8;0;0;0;0;1;12;10;250;586;996;1117;1038;907;864;979;1052;1126;1149;1066;1091;851;359;18;13480;562
17/06/2019;0;0;0;0;0;0;9;59;315;655;857;932;1097;1039;823;898;1063;1212;1291;1166;915;696;276;28;13331;555
18/06/2019;1;0;0;0;0;0;5;68;307;712;877;920;1078;1070;895;974;1004;1132;1198;1099;968;551;279;35;13173;549
19/06/2019;1;0;0;0;0;0;21;53;333;754;1016;928;1090;1141;932;1026;1145;1267;1254;1179;1027;839;413;121;14540;606
20/06/2019;2;0;0;0;0;0;8;3;261;684;1093;1111;1138;1000;1068;1215;1317;1121;1084;1058;851;636;282;23;13955;581
21/06/2019;0;0;0;0;0;0;12;46;375;781;994;1038;1240;1138;932;1121;1150;1139;1223;1099;927;777;475;131;14598;608
22/06/2019;7;0;0;0;0;1;4;11;332;762;1106;1199;1069;897;888;1002;1065;931;1126;977;780;655;399;142;13353;556
23/06/2019;7;0;0;0;1;0;13;9;219;530;980;1081;976;836;868;997;1096;1052;1023;885;764;543;243;40;12163;507
24/06/2019;0;0;0;0;0;0;34;61;254;621;849;844;1044;993;795;974;1121;1155;1235;1075;874;686;338;28;12981;541
25/06/2019;0;0;2;12;22;0;17;41;329;629;878;904;1018;1085;804;980;1019;1104;1310;1230;902;721;320;31;13358;557
26/06/2019;0;0;0;0;0;0;27;67;323;643;852;943;1034;1152;938;1002;1141;1123;1183;1173;852;703;338;42;13536;564
27/06/2019;0;0;0;0;0;0;20;45;270;714;892;882;1064;1070;849;950;1060;1111;1283;1138;1046;868;428;37;13727;572
28/06/2019;1;0;0;0;0;0;21;59;374;788;1018;1009;1145;1074;932;1056;1013;1206;1403;1221;1042;906;506;198;14972;624
29/06/2019;14;0;0;0;0;0;9;3;353;777;1171;1269;1072;964;903;1075;1086;1051;1043;969;936;748;429;159;14031;585
30/06/2019;28;0;0;0;0;0;12;17;279;527;930;1166;1083;881;895;1065;1094;1042;1134;1184;1080;751;319;30;13517;563
01/07/2019;0;0;0;0;0;0;14;46;220;642;852;854;1036;1029;911;925;1086;1318;1307;1290;978;762;366;26;13662;569
02/07/2019;0;0;0;0;0;0;18;65;255;668;959;935;1006;972;753;934;984;1252;1268;1165;875;653;339;38;13139;547
03/07/2019;0;0;0;0;0;0;17;50;303;649;913;886;908;1108;811;991;1011;1119;1225;1107;849;768;384;69;13168;549
04/07/2019;34;0;0;0;2;0;20;4;250;659;953;999;965;760;815;967;937;887;982;876;873;650;298;33;11964;499
05/07/2019;2;0;0;0;2;0;18;50;336;695;1081;1031;1138;1003;920;1147;1105;1150;1329;1088;992;805;422;142;14456;602
06/07/2019;15;0;0;0;0;0;9;6;347;759;1061;1076;1015;876;902;937;1039;1055;1030;896;742;699;417;102;12983;541
07/07/2019;7;0;0;0;0;0;16;27;243;572;875;920;913;813;869;1066;1023;1059;1019;993;911;716;325;29;12396;517
08/07/2019;0;0;0;1;1;0;15;44;247;641;843;923;1017;1065;865;894;1121;1234;1281;1185;1045;799;317;54;13592;566
09/07/2019;0;0;0;0;0;0;11;64;322;714;943;885;1032;1032;823;864;970;1138;1156;1103;952;778;356;33;13176;549
10/07/2019;3;0;0;0;0;0;24;54;342;760;970;895;1037;998;832;836;972;1032;1197;1158;942;661;406;53;13172;549
11/07/2019;0;1;0;0;0;0;12;68;342;784;948;900;873;938;683;790;874;1037;1222;1098;1002;805;417;43;12837;535
12/07/2019;6;0;0;1;0;0;23;58;429;845;1113;1100;1119;1185;920;1171;1167;1230;1339;1152;1034;794;421;187;15294;637
13/07/2019;6;0;0;0;0;0;14;3;384;836;1174;1217;1132;882;885;1062;1102;993;1047;1032;904;739;644;246;14302;596
14/07/2019;32;0;0;0;0;0;8;10;282;654;1027;1154;1043;768;844;948;1007;1021;1011;1096;1002;857;361;35;13160;548
15/07/2019;0;0;0;0;0;0;14;41;218;630;809;910;1158;1051;780;913;1065;1199;1376;1094;899;721;324;28;13230;551
16/07/2019;2;1;0;0;4;0;13;59;284;574;927;900;966;955;752;864;977;1183;1283;1107;924;727;341;27;12870;536
17/07/2019;3;0;0;0;1;0;26;82;280;587;872;903;959;953;794;893;982;1067;1220;1123;901;697;314;18;12675;528
18/07/2019;0;0;0;0;9;0;13;62;316;681;798;875;890;912;700;867;935;1030;1135;1072;838;695;338;23;12189;508
19/07/2019;0;0;0;0;0;0;22;47;301;704;934;988;984;987;822;933;1040;1141;1234;1053;926;706;412;139;13373;557
20/07/2019;20;0;0;0;0;0;8;3;284;735;1040;1184;962;853;795;904;808;930;1045;899;741;701;428;107;12447;519
21/07/2019;5;0;0;0;0;0;19;10;261;598;894;1034;913;715;606;757;797;926;899;907;715;602;263;31;10952;456
22/07/2019;0;0;0;0;0;1;13;60;247;630;889;916;881;1017;740;783;909;1067;1194;1225;850;691;315;14;12442;518
23/07/2019;0;0;0;0;0;0;29;39;254;608;828;883;960;924;760;868;912;1073;1219;1178;861;692;296;27;12411;517
24/07/2019;0;0;0;0;0;0;17;68;263;584;885;837;927;934;768;743;934;1044;1111;1047;880;653;301;16;12012;501
25/07/2019;0;0;0;0;0;0;24;43;260;597;930;862;933;958;808;850;1095;1068;1219;909;753;612;295;34;12250;510
26/07/2019;2;0;0;0;0;0;29;38;333;681;1048;1072;1014;1100;826;1028;1086;1129;1339;1199;944;745;411;132;14156;590
27/07/2019;20;1;0;1;0;0;18;6;283;707;1047;1260;1065;853;843;1034;1057;1145;998;910;825;767;353;139;13332;556
28/07/2019;11;1;0;1;0;0;17;17;259;619;864;1017;961;673;742;875;936;905;933;953;770;714;342;55;11665;486
29/07/2019;3;2;0;0;0;0;11;55;232;639;900;931;965;905;783;915;1092;1150;1297;1168;795;672;279;53;12847;535
30/07/2019;2;0;0;0;1;0;33;62;293;646;894;951;930;894;764;858;948;1028;1286;1046;820;648;274;52;12430;518
31/07/2019;2;2;0;2;0;1;18;69;311;679;900;978;945;1043;788;1021;1010;1122;1234;1114;766;651;355;26;13037;543
01/08/2019;1;0;0;1;0;0;16;52;271;607;911;1017;1020;1000;813;928;1094;1137;1210;1021;889;662;378;38;13066;544
02/08/2019;1;0;0;1;0;0;22;42;260;718;1082;1028;987;1024;940;1029;1040;1203;1314;1083;860;787;482;146;14049;585
03/08/2019;26;0;0;0;0;0;13;6;302;785;1061;1222;987;821;876;968;906;999;1048;934;763;703;401;118;12939;539
04/08/2019;4;0;0;0;0;0;7;17;272;576;930;1027;914;708;775;905;1053;893;956;810;662;546;185;25;11265;469
05/08/2019;0;0;0;0;0;0;38;56;246;566;887;934;948;1008;800;917;905;1034;1239;1115;768;620;288;44;12413;517
06/08/2019;1;1;0;0;3;0;11;47;252;609;814;929;831;849;839;856;1015;1071;1191;1038;726;585;256;24;11948;498
07/08/2019;1;0;0;8;2;1;18;88;263;582;818;878;896;962;838;991;950;1054;1133;948;795;570;244;20;12060;503
08/08/2019;5;0;0;0;0;2;10;25;309;669;930;938;981;995;885;1023;1159;1081;1128;1093;860;679;305;40;13117;547
09/08/2019;0;4;0;1;1;0;15;35;337;764;1083;1013;984;969;834;971;1100;1042;1229;999;867;726;352;108;13434;560
10/08/2019;18;0;0;0;0;0;8;7;335;795;1036;1082;1022;827;759;875;903;858;894;907;652;488;312;105;11883;495
11/08/2019;17;0;0;0;0;0;16;5;249;571;1014;922;913;689;725;865;901;958;916;873;702;558;247;27;11168;465
12/08/2019;0;0;0;0;0;0;19;43;225;574;836;882;885;855;803;858;814;970;1142;944;735;525;224;27;11361;473
13/08/2019;1;0;0;0;0;0;25;34;250;672;848;772;876;847;730;837;848;972;1112;944;691;498;272;22;11251;469
14/08/2019;0;0;0;0;0;0;9;62;269;565;865;918;885;907;721;810;860;956;915;950;737;604;305;66;11404;475
15/08/2019;15;6;0;0;0;0;8;6;219;533;943;988;847;635;740;772;798;794;812;754;734;496;214;24;10338;431
16/08/2019;0;0;0;0;0;0;21;42;246;658;967;1019;952;871;779;997;906;979;1123;997;762;604;335;120;12378;516
17/08/2019;16;0;0;0;0;0;9;14;270;657;861;1045;874;692;609;724;727;818;826;799;645;529;291;86;10492;437
18/08/2019;3;0;0;0;0;0;12;6;232;497;815;981;753;687;836;888;955;936;864;847;710;548;219;28;10817;451
19/08/2019;1;0;0;0;0;1;23;48;235;622;795;911;991;903;778;1030;1049;1158;1290;1064;772;551;252;36;12510;521
20/08/2019;0;0;0;1;0;0;25;57;260;612;868;818;877;832;729;752;843;982;1223;1079;781;598;226;32;11595;483
21/08/2019;0;0;0;0;2;1;15;43;275;667;807;831;855;736;661;780;734;904;987;978;772;572;277;20;10917;455
22/08/2019;0;0;0;0;1;0;26;51;272;688;824;843;871;834;663;723;733;861;1002;989;821;635;296;31;11164;465
23/08/2019;0;0;0;0;0;0;18;27;313;657;954;972;984;937;755;861;913;995;1244;1040;888;753;385;125;12821;534
24/08/2019;18;0;0;0;0;0;10;16;310;651;1017;1048;982;742;747;811;873;934;909;695;637;587;352;117;11456;477
25/08/2019;5;0;0;0;0;0;16;7;240;547;910;1001;899;702;787;891;945;943;996;827;791;530;246;21;11304;471
26/08/2019;0;0;0;0;0;1;17;45;227;650;986;854;1061;1021;803;946;1034;1176;1178;1191;831;680;276;18;12995;541
27/08/2019;0;0;0;0;0;0;25;30;258;656;875;1016;914;918;782;838;978;1127;1296;1150;757;574;267;15;12476;520
28/08/2019;0;0;0;2;0;1;25;39;262;564;838;899;899;917;848;962;1043;1144;1187;1086;845;644;268;23;12496;521
29/08/2019;3;0;0;0;0;0;36;35;268;650;894;929;999;903;841;831;883;1105;1162;1076;846;638;262;40;12401;517
30/08/2019;3;0;0;0;1;0;14;34;285;656;1149;1118;1020;1005;843;1061;1215;1207;1289;1265;952;805;449;170;14541;606
31/08/2019;19;4;11;7;13;3;31;10;330;777;1127;1303;1112;872;960;1033;1057;1205;1104;1012;913;657;419;142;14121;588
01/09/2019;44;1;0;0;0;5;9;8;253;593;909;1193;1030;710;848;1010;1105;1049;1049;1075;908;631;316;48;12794;533
02/09/2019;1;0;0;0;0;0;20;41;271;715;967;991;1178;1018;865;978;1022;1185;1335;1188;1031;720;274;34;13834;576
03/09/2019;2;0;0;0;2;0;18;40;296;735;972;986;898;927;730;777;874;1074;1207;1247;940;681;304;40;12750;531
04/09/2019;6;2;0;6;1;0;10;44;298;713;933;855;893;884;727;809;867;1000;1247;1095;886;668;261;7;12212;509
05/09/2019;6;0;0;0;2;2;16;54;283;677;949;908;1036;929;714;792;915;1162;1264;1119;1020;656;256;38;12798;533
06/09/2019;2;0;0;0;1;2;9;50;333;730;1014;1064;1022;1002;781;927;953;1179;1364;1137;1043;749;422;132;13916;580
07/09/2019;13;3;0;0;1;0;16;3;345;847;1119;1261;973;853;871;999;919;995;1148;955;803;667;425;107;13323;555
08/09/2019;6;0;0;0;0;0;16;9;284;619;1104;1186;992;781;822;971;1087;1063;1097;1148;1011;648;306;23;13173;549
09/09/2019;2;0;0;0;0;0;26;55;272;708;1012;1041;1166;1187;961;1059;1105;1263;1368;1284;985;746;275;46;14561;607
10/09/2019;3;0;1;0;3;0;27;63;348;756;980;1017;1103;1052;984;994;1139;1222;1350;1161;942;525;304;23;13997;583
11/09/2019;0;1;0;0;1;0;13;64;291;683;971;909;1004;1117;884;985;1011;1161;1293;1244;973;664;328;27;13624;568
12/09/2019;1;0;0;0;0;0;15;53;305;687;960;1034;1242;1066;869;1033;1184;1235;1373;1305;977;756;304;43;14442;602
13/09/2019;0;0;0;0;0;0;22;55;374;887;1046;1084;1130;1254;1049;1114;1370;1506;1437;1242;1042;832;403;99;15946;664
14/09/2019;3;0;0;0;0;0;12;4;312;814;1185;1276;1174;900;876;1080;1162;1112;1088;1021;882;639;381;108;14029;585
15/09/2019;11;0;0;0;0;0;16;15;309;723;1116;1315;1251;949;1136;1378;1587;1668;1657;1585;1413;939;386;40;17494;729
16/09/2019;5;1;0;0;0;0;20;50;374;937;977;1071;1376;1508;860;1097;1216;1383;1431;1275;1117;728;273;26;15725;655
17/09/2019;1;0;0;0;0;0;16;84;410;915;1055;1032;1159;1393;945;1042;1185;1490;1502;1365;1051;588;310;18;15561;648
18/09/2019;4;0;13;0;0;0;15;50;355;782;966;908;1101;1238;970;982;1188;1206;1432;1324;958;638;310;16;14456;602
19/09/2019;0;0;0;0;0;0;21;70;343;746;1035;973;1249;1336;957;1076;1193;1409;1413;1293;1040;662;319;19;15154;631
20/09/2019;1;0;0;0;1;0;7;43;396;807;1014;1003;1156;1295;968;1090;1152;1328;1446;1240;998;709;384;92;15130;630
21/09/2019;24;18;9;0;0;0;15;10;369;809;1171;1316;1105;902;988;1036;1180;1190;1031;944;753;531;315;119;13835;576
22/09/2019;6;0;0;0;0;1;8;6;224;616;1101;1318;1189;935;998;1291;1396;1409;1269;1323;1119;703;276;22;15210;634
23/09/2019;0;0;0;0;0;0;22;66;322;702;927;982;1225;1412;986;1019;1219;1398;1421;1401;1048;623;296;40;15109;630
24/09/2019;1;0;0;0;0;0;21;55;316;668;865;897;1094;1404;981;1040;1170;1317;1443;1291;964;661;216;19;14423;601
25/09/2019;0;0;0;0;0;1;16;69;311;743;899;904;1044;1405;858;1015;1084;1233;1338;1166;894;692;357;18;14047;585
26/09/2019;1;0;0;0;0;1;16;51;346;756;872;895;1179;1434;892;958;1153;1238;1306;1266;1086;682;308;11;14451;602
27/09/2019;4;0;0;0;0;0;14;52;318;727;965;957;1223;1456;1000;1023;1100;1183;1299;1213;1089;761;407;180;14971;624
28/09/2019;18;7;10;29;2;15;33;33;298;786;1046;1228;1013;948;886;1090;1133;1179;1152;1004;820;654;312;136;13832;576
29/09/2019;12;0;0;0;0;0;13;8;236;585;1025;1192;1100;897;948;1111;1221;1337;1366;1230;1118;629;333;26;14387;599
30/09/2019;4;0;0;0;0;0;24;57;317;756;931;975;1468;1408;1011;1055;1197;1382;1501;1480;1147;642;339;16;15710;655
01/10/2019;0;0;0;0;0;0;15;51;375;765;986;966;1144;1510;978;1055;1284;1383;1401;1379;1073;657;291;12;15325;639
02/10/2019;4;0;0;0;0;1;18;83;294;757;886;829;1112;1389;1010;1055;1076;1233;1375;1339;909;679;316;33;14398;600
03/10/2019;2;0;0;0;0;0;25;73;364;760;862;944;1331;1450;931;940;1165;1282;1328;1263;1237;712;397;60;15126;630
04/10/2019;1;0;0;0;0;0;19;58;361;763;1007;1014;1037;1442;1124;1116;1087;1318;1445;1367;1097;783;425;121;15585;649
05/10/2019;18;0;0;0;0;0;2;27;299;842;1288;1424;1175;967;917;1045;1163;1252;1108;1002;743;618;299;91;14280;595
06/10/2019;11;0;0;0;0;0;12;4;274;615;1055;1184;1091;833;876;1168;1255;1367;1325;1228;1009;548;283;15;14153;590
07/10/2019;5;1;0;0;2;0;23;62;299;768;994;973;1232;1474;920;960;1132;1371;1482;1455;1071;602;288;18;15132;631
08/10/2019;5;0;0;2;0;0;16;62;330;808;1015;1037;1171;1496;975;1000;1336;1425;1428;1397;1052;585;252;11;15403;642
09/10/2019;2;0;0;1;0;1;23;58;305;720;926;818;998;1247;928;997;1173;1123;1360;1355;1152;775;301;17;14280;595
10/10/2019;0;0;0;0;0;0;7;64;336;715;874;931;1168;1320;921;1000;1207;1293;1352;1361;1238;819;316;43;14965;624
11/10/2019;1;0;0;0;0;12;16;57;405;777;1056;1004;1132;1342;1046;1226;1235;1407;1439;1411;1193;886;534;225;16404;684
12/10/2019;5;0;0;0;0;0;9;8;327;829;1140;1289;1111;929;967;1290;1335;1414;1341;1358;1228;925;526;173;16204;675
13/10/2019;34;0;0;0;0;0;20;4;255;678;1096;1418;1523;1295;1213;1348;1290;1216;1189;1158;1014;1012;573;42;16378;682
14/10/2019;1;0;0;0;0;0;13;57;236;597;701;756;1015;1328;959;995;1073;1255;1468;1262;846;503;218;15;13298;554
15/10/2019;2;0;0;0;0;0;14;83;297;688;871;906;1095;1502;808;946;1154;1208;1376;1352;971;530;233;29;14065;586
16/10/2019;2;1;0;0;0;1;17;64;302;747;844;873;1027;1332;918;997;1044;1158;1268;1207;839;520;196;12;13369;557
17/10/2019;2;1;0;1;0;0;23;54;323;752;820;917;1161;1208;963;928;1152;993;1006;1175;924;532;257;28;13220;551
18/10/2019;1;0;0;0;0;0;19;61;340;787;1059;1046;1075;1442;1021;1162;1176;1277;1317;1206;1040;659;366;115;15169;632
19/10/2019;11;1;0;0;1;0;8;8;305;699;1078;1248;1070;928;809;1025;1121;1116;1068;896;751;486;274;142;13045;544
20/10/2019;7;2;0;0;0;0;16;5;213;573;897;1092;1019;795;927;1246;1292;1224;1164;1017;784;569;244;15;13101;546
21/10/2019;2;0;0;1;0;0;14;60;297;635;869;883;1215;1425;935;1032;1173;1306;1432;1283;905;570;233;8;14278;595
22/10/2019;1;0;0;0;8;0;21;74;319;637;883;896;1155;1309;876;916;1146;1242;1379;1206;836;541;255;14;13714;571
23/10/2019;3;0;0;0;5;1;22;52;292;659;858;887;1072;1318;879;981;1111;1203;1315;1250;808;502;302;17;13537;564
24/10/2019;4;0;0;0;5;0;19;54;297;684;858;866;1224;1419;964;1045;1110;1230;1263;1167;1088;647;302;20;14266;594
25/10/2019;0;0;0;2;2;2;15;56;382;810;1020;1058;1112;1364;1094;1029;1239;1429;1402;1498;1058;747;370;165;15854;661
26/10/2019;36;0;0;0;0;1;10;14;319;781;1084;1295;1123;931;931;1160;1236;1280;1228;1083;778;501;341;124;14256;594
27/10/2019;7;0;0;0;1;0;0;9;5;355;825;1184;1218;1051;850;967;1255;1126;1184;1077;848;689;415;178;13244;552
28/10/2019;1;0;0;1;0;0;25;104;383;797;1062;966;1205;1403;895;916;1110;1286;1429;1247;914;540;231;38;14553;606
29/10/2019;0;0;0;0;1;0;20;69;413;810;1039;985;1125;1329;950;867;1158;1183;1345;1293;851;515;225;22;14200;592
30/10/2019;0;0;0;1;0;1;27;81;346;809;985;998;987;1192;957;1049;1120;1218;1424;1223;932;610;241;19;14220;593
31/10/2019;2;7;0;0;1;0;67;49;412;752;965;1055;1384;1557;1152;1133;1322;1408;1375;1373;1323;771;441;119;16668;695
01/11/2019;8;0;0;0;0;0;8;6;294;804;1093;1219;1144;918;1086;1367;1410;1361;1196;917;668;488;362;149;14498;604
02/11/2019;33;0;0;0;0;0;3;13;491;924;1158;1330;1134;910;1068;1193;1311;1296;1087;848;710;575;304;130;14518;605
03/11/2019;9;0;0;0;0;0;17;5;301;656;994;1186;1038;784;1027;1256;1301;1338;1243;997;703;479;210;18;13562;565
04/11/2019;2;0;0;0;0;0;30;57;286;763;913;955;1157;1365;942;1001;1156;1260;1331;1269;967;525;254;44;14277;595
05/11/2019;1;0;0;0;0;1;29;74;380;723;963;1028;1085;1380;974;1062;1267;1273;1375;1150;808;499;292;27;14391;600
06/11/2019;3;0;0;1;1;0;26;65;349;792;930;904;1049;1392;932;984;1044;1113;1207;1057;855;583;233;25;13545;564
07/11/2019;5;3;1;1;1;3;31;59;379;734;911;945;1157;1406;1026;991;1194;1291;1249;1060;1005;643;309;22;14426;601
08/11/2019;0;0;0;0;1;33;92;48;387;817;1044;1057;1196;1447;1133;1161;1294;1242;1427;1254;1054;694;338;146;15865;661
09/11/2019;7;0;0;1;0;0;11;16;338;814;1201;1294;1186;943;1095;1289;1270;1316;1207;914;726;575;327;121;14651;610
10/11/2019;10;0;0;0;0;0;10;13;317;637;1151;1248;1193;891;1069;1316;1363;1321;1105;928;693;509;212;24;14010;584
11/11/2019;2;0;0;0;0;2;21;54;286;673;889;922;1151;1418;916;971;1192;1235;1428;1206;939;505;222;43;14075;586
12/11/2019;4;0;0;0;1;1;23;63;379;666;896;902;1120;1387;906;954;1103;1189;1317;1253;850;515;234;49;13812;576
13/11/2019;1;4;0;0;0;0;34;67;321;684;875;859;987;1299;924;938;1130;1134;1306;1222;963;605;306;40;13699;571
14/11/2019;1;4;0;0;0;1;29;58;332;703;802;911;1190;1276;911;965;1099;1080;1265;1042;832;516;239;27;13283;553
15/11/2019;18;4;0;0;1;0;23;95;355;758;948;1034;1117;1385;1083;1158;1187;1338;1337;1238;946;630;355;153;15163;632
16/11/2019;86;60;96;8;0;1;16;11;309;731;1044;1328;1163;991;1076;1230;1197;1305;1207;1008;832;491;327;107;14624;609
17/11/2019;32;8;13;12;5;1;30;34;202;573;1021;1341;1092;789;882;1033;1291;1240;1032;930;681;499;226;19;12986;541
18/11/2019;4;16;0;0;3;0;32;110;332;668;809;920;1197;1350;936;1053;1164;1254;1430;1197;864;536;234;33;14142;589
19/11/2019;2;3;0;0;2;0;30;58;342;686;938;944;1161;1396;928;976;1237;1209;1283;1165;838;520;235;15;13968;582
20/11/2019;4;1;0;0;0;0;27;63;332;667;889;842;1105;1326;863;922;1013;1133;1272;1192;846;546;270;46;13359;557
21/11/2019;1;0;0;0;0;2;19;48;341;704;897;893;1198;1406;958;1073;1195;1189;1405;1239;969;585;223;22;14367;599
22/11/2019;7;0;0;0;1;0;21;49;302;717;925;930;1069;1376;1041;1135;1252;1311;1372;1189;926;698;336;141;14798;617
23/11/2019;7;0;0;0;0;0;14;12;279;765;1026;1231;1190;1063;1188;1326;1367;1324;1226;945;744;523;323;157;14710;613
24/11/2019;5;0;0;1;0;0;10;10;246;611;1023;1241;1192;929;1099;1440;1580;1368;1157;921;722;503;217;17;14292;596
25/11/2019;1;0;0;0;0;0;19;40;311;693;956;888;1193;1378;1000;1025;1269;1361;1442;1228;948;624;254;26;14656;611
26/11/2019;2;1;0;1;0;1;17;47;314;722;868;972;1066;1386;1003;1048;1171;1296;1261;1156;835;547;292;29;14035;585
27/11/2019;5;0;0;1;0;2;18;46;328;722;962;943;1105;1383;1047;1114;1142;1276;1368;1378;944;541;283;25;14633;610
28/11/2019;1;0;1;0;1;0;17;51;340;726;917;949;1253;1566;1046;1180;1254;1334;1388;1249;1134;664;323;49;15443;643
29/11/2019;8;19;1;2;0;4;17;72;413;783;1055;1203;1265;1477;1267;1258;1422;1474;1510;1432;1198;891;558;185;17514;730
30/11/2019;101;9;5;1;3;38;19;30;311;908;1290;1434;1285;1153;1322;1442;1460;1528;1403;1183;881;678;375;169;17028;710
01/12/2019;12;0;2;0;1;0;7;17;241;680;1012;1235;1197;1030;1157;1492;1624;1475;1342;1212;852;693;264;21;15566;649
02/12/2019;0;0;0;0;0;1;33;66;319;778;953;1023;1236;1510;1017;1140;1314;1442;1519;1354;981;640;277;14;15617;651
03/12/2019;1;0;0;0;0;0;16;51;364;754;890;956;1304;1535;1032;1088;1190;1354;1407;1288;1029;566;260;20;15105;629
04/12/2019;0;0;0;0;0;0;13;73;341;690;873;854;1113;1445;1051;1077;1258;1288;1318;1236;1018;570;296;48;14562;607
05/12/2019;1;0;0;0;0;0;20;38;337;687;895;975;1268;1491;986;1021;1239;1257;1364;1254;1099;592;323;44;14891;620
06/12/2019;0;0;0;0;0;0;25;35;385;811;1080;1157;1245;1431;1124;1205;1315;1403;1446;1357;1127;732;383;156;16417;684
07/12/2019;4;0;0;0;0;0;6;9;341;815;1151;1263;1222;1198;1096;1217;1350;1345;1248;1087;895;611;339;164;15361;640
08/12/2019;8;0;0;0;0;0;2;18;228;615;1083;1249;1113;960;1109;1402;1418;1317;1160;986;690;542;261;39;14200;592
09/12/2019;1;0;0;0;0;0;11;38;327;789;1021;1010;1243;1395;1121;1183;1304;1372;1523;1382;1088;665;280;31;15784;658
10/12/2019;1;1;0;0;0;0;9;41;314;744;953;1007;1234;1559;1096;1188;1170;1295;1353;1327;900;635;292;30;15149;631
11/12/2019;15;0;0;0;0;0;18;40;372;855;1017;1026;1181;1487;1156;1084;1233;1320;1379;1316;980;673;302;23;15477;645
12/12/2019;2;1;0;2;0;0;13;53;333;747;914;971;1150;1284;1077;1040;1082;1138;1227;1123;906;687;290;37;14077;587
13/12/2019;1;0;0;0;0;0;24;51;368;757;1054;1161;1147;1465;1168;1230;1316;1325;1404;1218;1037;815;415;155;16111;671
14/12/2019;14;0;0;0;0;0;10;5;335;838;1211;1464;1346;1103;1227;1462;1487;1448;1245;1103;1009;746;349;151;16553;690
15/12/2019;33;0;0;0;0;0;8;9;275;680;1269;1384;1218;1064;1246;1536;1540;1552;1273;1021;857;631;260;69;15925;664
16/12/2019;2;0;0;0;0;0;14;47;330;721;888;1045;1156;1387;1090;1174;1301;1374;1415;1386;958;662;347;61;15358;640
17/12/2019;5;0;0;0;0;0;22;37;372;854;1041;1102;1437;1593;1079;1268;1210;1314;1451;1242;1122;705;353;75;16282;678
18/12/2019;20;0;0;0;0;0;20;60;275;703;1043;1164;1263;1332;1147;1196;1258;1240;1375;1113;855;551;280;68;14963;623
19/12/2019;6;0;0;0;0;0;17;35;261;687;920;997;1212;1343;1099;1053;1110;1256;1084;998;776;517;298;48;13717;572
20/12/2019;3;0;0;0;0;0;15;25;301;771;1130;1168;1266;1326;1205;1285;1231;1256;1304;1046;1024;704;422;199;15681;653
21/12/2019;6;1;0;0;0;0;9;15;332;951;1447;1612;1456;1260;1428;1771;1723;1598;1321;1056;956;692;482;197;18313;763
22/12/2019;20;0;0;0;0;0;10;6;289;808;1312;1516;1382;1172;1415;1765;1923;1821;1646;1228;1085;757;416;105;18676;778
23/12/2019;6;1;0;0;0;0;13;26;413;1060;1510;1759;1725;1635;1763;2024;2005;1976;1884;1716;1230;1101;687;197;22731;947
24/12/2019;23;0;0;0;0;0;46;51;675;1350;1695;1948;1614;1281;1383;1626;1471;1148;183;1;0;0;0;0;14495;604
25/12/2019;0;0;0;0;0;0;0;0;0;2;2;0;0;2;0;0;1;0;0;0;0;0;0;0;7;0
26/12/2019;0;0;0;0;0;0;32;47;202;541;798;996;911;847;907;1178;1265;1280;1198;933;633;413;221;25;12427;518
27/12/2019;1;0;0;0;0;0;18;46;260;636;967;1160;1115;1007;963;1258;1243;1299;1363;1036;760;512;285;101;14030;585
28/12/2019;4;0;0;0;0;0;8;0;226;618;963;1196;1035;876;992;1260;1342;1252;1174;900;757;524;257;97;13481;562
29/12/2019;5;0;0;0;0;0;11;15;185;525;910;1142;1012;878;941;1339;1416;1376;1215;905;658;505;216;12;13266;553
30/12/2019;15;0;0;0;0;0;6;37;248;667;1109;1179;1274;1219;1211;1475;1541;1586;1554;1444;1055;832;388;99;16939;706
31/12/2019;19;0;0;0;1;0;8;23;425;1056;1687;1706;1631;1464;1561;1781;1837;1468;956;114;0;0;0;0;15737;656
01/01/2020;0;0;0;0;0;0;0;0;0;1;0;0;7;0;13;34;11;0;3;0;0;0;0;0;69;3
02/01/2020;1;0;0;0;0;0;8;36;230;561;870;1007;1123;1085;1044;1153;1245;1234;1314;1100;774;588;196;45;13614;567
03/01/2020;4;15;0;0;0;0;15;37;238;601;956;1069;1118;1060;1041;1166;1313;1336;1348;1110;777;549;273;77;14103;588
04/01/2020;14;0;0;0;0;0;11;5;239;658;1037;1189;1119;943;1055;1245;1452;1352;1140;939;832;519;306;116;14171;590
05/01/2020;7;2;0;0;0;0;8;5;185;474;849;1046;1035;917;1010;1349;1291;1283;1037;957;701;499;209;26;12890;537
06/01/2020;6;0;0;0;0;0;13;47;299;775;1041;1058;1396;1517;1093;1149;1327;1499;1560;1488;1057;598;274;17;16214;676
07/01/2020;1;0;0;0;0;0;10;53;333;634;924;937;1226;1451;1112;1091;1156;1226;1282;1294;822;530;279;66;14427;601
08/01/2020;5;0;0;0;0;0;18;40;340;652;894;1031;1111;1379;1107;1119;1239;1246;1367;1276;789;558;225;11;14407;600
09/01/2020;1;0;0;0;0;0;19;66;348;644;839;979;1204;1310;1008;1052;1176;1285;1336;1229;903;510;262;18;14189;591
10/01/2020;4;0;0;0;1;0;15;49;349;747;1009;1040;1202;1402;1090;1167;1214;1343;1428;1241;867;613;287;117;15185;633
11/01/2020;27;0;0;2;0;0;11;11;281;717;1121;1338;1243;1025;1071;1316;1350;1314;1232;1076;789;585;321;113;14943;623
12/01/2020;4;0;0;1;0;0;25;19;203;514;960;1129;1073;983;1024;1344;1340;1396;1119;1048;767;434;193;36;13612;567
13/01/2020;14;0;0;0;0;2;46;66;317;636;851;994;1288;1323;984;981;1121;1278;1346;1190;833;547;248;40;14105;588
14/01/2020;1;0;0;1;0;4;8;44;310;645;865;897;1208;1310;969;1088;1066;1217;1289;1080;814;428;178;22;13444;560
15/01/2020;1;0;0;0;0;1;18;51;328;609;812;836;979;1140;1020;1137;1115;1211;1295;1163;818;524;218;7;13283;553
16/01/2020;1;0;0;0;0;0;10;49;311;699;803;848;1124;1223;978;989;994;1084;1199;1091;894;554;210;22;13083;545
17/01/2020;1;0;0;0;0;0;19;42;397;770;978;1165;1119;1384;1092;1177;1192;1300;1431;1184;987;601;314;130;15283;637
18/01/2020;9;0;0;0;0;0;7;5;299;767;1159;1283;1120;995;1218;1392;1376;1338;1259;1046;787;550;308;124;15042;627
19/01/2020;11;0;0;0;0;0;7;6;215;576;807;1174;1151;850;1057;1396;1407;1333;1202;1008;675;475;248;20;13618;567
20/01/2020;0;0;0;0;0;0;23;76;277;578;749;878;1143;1153;841;920;1075;1238;1247;1067;750;464;187;28;12694;529
21/01/2020;5;0;0;0;0;0;18;69;288;660;753;858;1029;1210;858;919;1033;1188;1220;1215;761;463;212;9;12768;532
22/01/2020;1;0;0;0;0;0;38;83;310;609;894;849;1005;1175;952;989;1107;1081;1269;1069;801;483;223;21;12959;540
23/01/2020;15;0;0;1;1;0;21;59;350;673;876;888;1114;1278;943;977;1137;1213;1313;1187;826;583;246;32;13733;572
24/01/2020;5;0;0;0;2;1;10;54;347;668;876;932;1132;1238;1022;1111;1259;1339;1362;1295;925;675;386;152;14791;616
25/01/2020;10;0;0;0;0;0;9;14;265;774;1045;1217;1137;1053;1053;1298;1251;1198;1203;969;734;476;319;106;14131;589
26/01/2020;2;0;0;0;0;0;15;15;212;501;880;1067;1000;894;997;1243;1311;1272;1002;834;724;438;213;12;12632;526
27/01/2020;2;0;0;0;0;0;22;39;259;593;784;860;1027;1113;930;872;1029;1206;1345;1133;755;498;261;12;12740;531
28/01/2020;2;0;0;0;0;0;15;32;294;626;797;807;1081;1120;824;978;1048;1087;1180;1129;764;464;218;18;12484;520
29/01/2020;22;13;4;2;0;0;14;46;264;654;814;809;1022;1119;888;937;1048;1081;1229;1151;846;533;228;37;12761;532
30/01/2020;2;0;0;1;2;0;18;40;332;616;721;853;1070;1242;953;924;1048;1041;1137;1020;818;576;247;38;12699;529
31/01/2020;0;0;0;0;0;0;23;51;320;770;1009;959;1162;1286;1118;1140;1094;1138;1216;1071;854;649;339;95;14294;596
01/02/2020;24;15;37;10;27;31;22;18;276;748;1114;1241;1207;1042;1093;1345;1311;1176;1118;955;823;562;307;169;14671;611
02/02/2020;7;0;0;0;0;0;2;15;206;562;912;1082;1049;821;989;1179;1165;1217;1127;989;684;481;240;26;12753;531
03/02/2020;0;0;0;0;0;0;14;67;304;700;799;934;1155;1158;847;911;1070;1206;1428;1233;897;640;263;17;13643;568
04/02/2020;0;0;0;0;0;0;19;60;316;660;838;813;1018;1138;864;897;1023;1144;1276;1126;765;484;277;31;12749;531
05/02/2020;0;0;0;0;0;0;23;50;331;754;815;811;955;1193;955;981;1087;1250;1232;1269;864;626;272;12;13480;562
06/02/2020;1;0;0;0;0;0;16;45;322;637;808;858;1025;1314;992;877;1065;1203;1337;1064;912;492;262;19;13249;552
07/02/2020;1;0;0;0;0;0;12;55;364;776;943;932;1047;1237;1040;1184;1208;1285;1320;1198;937;716;358;127;14740;614
08/02/2020;5;2;0;0;0;0;8;9;280;768;1188;1258;1161;1085;1066;1256;1199;1122;1141;899;680;436;291;120;13974;582
09/02/2020;16;0;0;0;0;0;9;8;244;626;1014;1143;1036;895;1013;1307;1309;1255;1167;918;739;529;214;23;13465;561
10/02/2020;0;0;0;0;0;0;11;48;277;676;921;915;1146;1246;983;1046;1052;1263;1448;1156;924;573;236;20;13941;581
11/02/2020;2;0;0;0;0;1;26;70;321;678;901;895;1016;1247;901;945;1063;1194;1243;1251;828;520;251;48;13401;558
12/02/2020;26;38;0;0;0;0;19;55;326;732;826;814;938;1202;926;972;1032;1079;1175;1160;826;487;209;14;12856;536
13/02/2020;2;4;0;3;17;5;26;86;337;665;811;951;1095;1355;920;1017;1140;1171;1395;1221;942;630;317;43;14153;590
14/02/2020;20;2;0;0;0;1;18;70;356;761;944;964;1185;1353;1067;1168;1296;1409;1473;1539;1064;686;366;142;15884;662
15/02/2020;13;0;0;0;0;0;14;2;295;777;1109;1144;941;954;853;1130;1199;1090;1075;873;690;593;309;92;13153;548
16/02/2020;23;0;0;0;0;0;6;11;226;593;924;1129;1098;850;1088;1297;1334;1335;1092;927;791;571;256;22;13573;566
17/02/2020;0;0;0;0;0;0;6;60;326;727;911;1028;1218;1387;929;1062;1261;1307;1498;1388;920;570;234;17;14849;619
18/02/2020;0;0;0;0;0;0;14;52;302;694;925;949;1086;1288;937;944;1173;1261;1353;1271;894;516;221;21;13901;579
19/02/2020;1;1;0;0;0;0;20;63;365;698;817;930;1004;1231;901;1001;1054;1202;1296;1299;937;614;261;50;13745;573
20/02/2020;0;0;0;0;0;0;33;62;339;756;857;947;1100;1412;866;952;1185;1131;1423;1215;1042;683;320;40;14363;598
21/02/2020;0;0;0;0;0;0;17;73;376;738;883;1005;1192;1269;1003;1045;1096;1175;1372;1278;971;719;368;143;14723;613
22/02/2020;11;2;0;0;0;0;12;2;311;709;1140;1242;1013;938;949;1040;1017;1167;1162;1047;736;563;330;108;13499;562
23/02/2020;8;0;0;0;0;0;16;3;231;591;915;977;879;751;685;851;974;1052;1043;937;654;495;224;20;11306;471
24/02/2020;1;0;0;0;0;1;22;39;227;661;904;962;1054;1081;922;1123;1222;1278;1455;1133;905;653;350;64;14057;586
25/02/2020;4;0;0;0;0;0;12;7;203;612;897;1106;1028;828;946;1193;1221;1041;1111;748;532;411;191;7;12098;504
26/02/2020;0;0;0;0;0;0;18;55;266;640;879;963;1075;1237;921;1037;1166;1243;1393;1320;885;552;284;31;13965;582
27/02/2020;1;0;0;0;0;0;14;56;293;698;907;971;1160;1412;926;960;1147;1284;1278;1216;830;605;303;25;14086;587
28/02/2020;5;0;0;0;0;0;16;60;395;747;936;988;1150;1318;974;1128;1065;1324;1367;1277;1051;774;407;150;15132;631
29/02/2020;1;0;0;0;0;0;6;16;315;754;1149;1317;1156;1056;1112;1176;1384;1266;1194;1032;810;677;327;142;14890;620
01/03/2020;5;0;0;0;0;0;6;1;241;606;1017;1107;1025;863;1069;1226;1251;1075;974;889;669;470;232;30;12756;532
02/03/2020;2;0;0;0;0;0;8;63;306;744;998;1001;1161;1403;1027;1028;1293;1482;1553;1357;1003;635;256;56;15376;641
03/03/2020;12;17;20;9;0;0;13;48;310;722;936;895;1153;1341;934;952;1176;1170;1368;1299;957;571;276;29;14208;592
04/03/2020;5;1;0;0;0;0;19;67;301;786;953;852;1037;1381;1041;1029;1103;1243;1253;1192;923;620;305;28;14139;589
05/03/2020;1;0;0;0;2;2;19;54;344;740;942;905;1134;1379;965;1041;1193;1356;1353;1142;971;620;335;20;14518;605
06/03/2020;2;0;0;0;0;0;13;43;379;770;953;957;1071;1466;1114;1122;1263;1288;1430;1318;935;760;492;108;15484;645
07/03/2020;13;0;0;0;0;0;9;12;382;753;1073;1259;1034;923;1082;1222;1290;1233;1302;1015;932;671;347;111;14663;611
08/03/2020;6;0;0;0;0;0;10;13;256;608;1048;1187;1044;885;998;1287;1332;1147;1180;1041;752;528;263;43;13628;568
09/03/2020;0;2;0;0;0;3;34;75;367;728;971;1006;1194;1311;1036;1011;1273;1344;1470;1455;946;705;343;38;15312;638
10/03/2020;0;0;0;0;0;0;20;57;374;723;1122;1153;1275;1316;1062;1106;1174;1269;1445;1288;999;733;316;26;15458;644
11/03/2020;0;0;0;0;0;0;11;52;439;817;1022;987;1009;1147;1007;1098;1221;1316;1355;1374;872;697;364;30;14818;617
12/03/2020;2;0;0;0;0;0;13;38;575;924;983;1113;1023;1190;959;1044;1083;1073;1050;891;688;550;329;26;13554;565
13/03/2020;1;0;0;0;0;0;10;30;649;927;1002;956;906;922;844;972;875;903;861;794;563;516;261;86;12078;503
14/03/2020;14;0;0;0;0;0;13;22;609;727;803;737;692;552;626;685;642;602;560;536;314;238;154;92;8618;359
15/03/2020;14;0;0;0;0;0;0;5;350;502;614;648;565;438;453;616;564;460;467;326;220;181;92;21;6536;272
16/03/2020;1;0;0;0;0;0;7;9;366;551;502;566;568;478;509;668;571;643;538;419;268;259;104;27;7054;294
17/03/2020;1;0;0;0;0;0;8;2;383;347;318;429;524;460;491;549;442;529;547;426;335;206;91;28;6116;255
18/03/2020;1;0;0;0;0;0;12;19;355;369;427;552;493;517;560;490;562;524;587;532;314;222;105;43;6684;279
19/03/2020;0;0;0;0;0;0;13;17;266;321;429;429;362;315;381;411;435;381;437;315;165;103;71;15;4866;203
20/03/2020;1;0;0;0;0;0;3;26;51;310;382;452;352;336;349;386;358;425;388;256;137;122;76;30;4440;185
21/03/2020;1;0;0;0;0;0;11;11;247;312;481;534;395;416;485;507;484;475;377;359;241;130;129;31;5626;234
22/03/2020;1;0;0;0;0;0;9;16;231;338;360;408;334;297;337;338;364;296;360;254;191;136;42;23;4335;181
23/03/2020;1;0;0;0;0;0;6;10;211;320;424;457;391;379;384;422;445;479;448;353;204;162;60;36;5192;216
24/03/2020;1;0;0;0;0;0;4;11;109;336;389;438;383;328;394;473;445;428;442;403;195;181;104;6;5070;211
25/03/2020;1;0;0;0;0;0;9;11;182;327;408;373;397;345;384;439;490;469;466;396;242;124;95;28;5186;216
26/03/2020;2;0;0;0;0;0;14;6;242;331;466;326;305;339;471;387;497;503;360;394;256;122;102;24;5147;214
27/03/2020;0;0;0;0;0;0;8;8;222;412;405;440;383;406;448;530;497;428;558;452;249;181;88;46;5761;240
28/03/2020;1;0;0;0;0;0;10;3;292;297;365;544;449;420;439;375;514;501;481;385;274;196;106;33;5685;237
29/03/2020;0;0;0;0;0;4;9;163;263;339;426;446;339;362;465;396;344;304;293;235;138;57;33;0;4616;192
30/03/2020;0;0;0;0;0;0;7;5;119;267;412;366;352;353;394;388;469;394;421;379;205;133;96;66;4826;201
31/03/2020;0;0;1;0;0;0;12;6;169;280;409;370;438;410;413;490;446;406;462;415;297;176;150;40;5390;225
01/04/2020;1;1;1;0;0;0;10;5;164;282;430;466;445;388;436;512;460;454;461;444;230;136;63;12;5401;225
02/04/2020;0;0;0;0;0;1;8;10;200;317;355;462;489;407;540;454;498;542;449;507;268;195;130;39;5871;245
03/04/2020;0;0;0;0;0;0;9;7;207;343;411;529;529;443;489;581;475;503;519;480;329;285;131;51;6321;263
04/04/2020;0;0;0;0;0;0;10;4;252;379;456;491;494;450;447;422;414;514;471;439;307;173;98;46;5867;244
05/04/2020;0;0;0;0;0;0;0;15;136;249;379;469;413;292;293;356;334;313;266;336;180;169;78;13;4291;179
06/04/2020;1;0;0;0;0;0;8;4;222;331;443;512;473;398;493;511;422;516;489;401;317;240;114;27;5922;247
07/04/2020;1;0;0;0;1;0;1;19;258;380;437;385;396;341;430;466;460;478;443;478;334;184;89;21;5602;233
08/04/2020;1;0;0;0;0;0;3;3;305;340;376;451;401;434;436;476;497;485;445;450;354;241;128;15;5841;243
09/04/2020;0;0;0;0;0;0;4;7;248;307;370;439;414;368;443;437;448;417;488;487;338;228;152;23;5618;234
10/04/2020;0;0;0;0;0;0;9;14;220;288;353;388;364;299;318;396;417;410;377;326;274;185;107;24;4769;199
11/04/2020;0;0;0;0;0;0;4;5;303;303;374;444;500;452;438;452;480;461;478;470;344;233;140;30;5911;246
12/04/2020;0;0;0;0;0;0;4;7;106;205;219;350;323;208;44;0;0;0;0;0;0;0;0;0;1466;61
13/04/2020;0;0;0;0;0;0;5;12;146;244;334;404;401;297;350;405;432;433;398;355;265;151;89;14;4735;197
14/04/2020;0;0;0;0;0;0;6;13;183;382;371;467;458;413;494;549;459;448;402;298;286;213;83;9;5534;231
15/04/2020;0;0;0;0;1;0;45;13;189;315;435;475;398;421;438;521;453;545;493;403;296;164;82;20;5707;238
16/04/2020;4;0;0;0;0;0;11;16;178;272;440;428;393;390;367;522;477;528;447;444;347;251;125;41;5681;237
17/04/2020;0;0;0;0;0;1;14;8;221;373;451;449;435;416;437;457;461;467;348;431;375;293;175;20;5832;243
18/04/2020;0;0;0;0;0;0;8;12;294;361;436;486;538;458;505;465;426;462;429;461;343;297;168;37;6186;258
19/04/2020;0;0;0;0;1;0;10;8;223;382;465;522;450;370;428;472;456;405;409;376;319;234;73;19;5622;234
20/04/2020;0;0;0;0;0;0;11;7;137;287;358;435;419;374;364;398;440;461;428;397;272;188;85;12;5073;211
21/04/2020;0;0;0;0;0;0;17;8;227;301;479;513;428;392;443;433;419;421;478;447;305;202;114;39;5666;236
22/04/2020;0;0;0;0;0;0;4;9;83;327;469;376;359;342;431;385;432;415;438;381;288;238;115;47;5139;214
23/04/2020;0;0;0;0;0;0;19;10;188;361;476;392;325;314;492;383;345;414;412;445;307;65;83;62;5093;212
